QuestionID,Question,Answer,Document
Q1,HOW AFRICAN AMERICANS WERE IMMIGRATED TO THE US,"As such, African immigrants are to be distinguished from African American people, the latter of whom are descendants of mostly West and Central Africans who were involuntarily brought to the United States by means of the historic Atlantic slave trade .",African immigration to the United States
Q2,how are glacier caves formed?,A glacier cave is a cave formed within the ice of a glacier .,Glacier cave
Q3,how a water pump works,"Pumps operate by some mechanism (typically reciprocating or rotary ), and consume energy to perform mechanical work by moving the fluid.",Pump
Q4,"how big is bmc software in houston, tx","Employing over 6,000, BMC is often credited with pioneering the BSM concept as a way to help better align IT operations with business needs.",BMC Software
Q5,"how big is bmc software in houston, tx","For 2011, the company recorded an annual revenue of $2.1 billion, making it the #20 largest software company in terms of revenue for that year.",BMC Software
Q6,how much is 1 tablespoon of water,This tablespoon has a capacity of about 15 mL.,Tablespoon
Q7,how much is 1 tablespoon of water,In the USA one tablespoon (measurement unit) is approximately 15 mL; the capacity of an actual tablespoon (dining utensil) ranges from 7 mL to 14 mL.,Tablespoon
Q8,how much is 1 tablespoon of water,In Australia one tablespoon (measurement unit) is 20 mL.,Tablespoon
Q9,how much are the harry potter movies worth,"The series also originated much tie-in merchandise, making the Harry Potter brand worth in excess of $15 billion.",Harry Potter
Q10,how a rocket engine works,"A rocket engine, or simply ""rocket"", is a jet engine that uses only stored propellant mass for forming its high speed propulsive jet .",Rocket engine
Q11,how old was sue lyon when she made lolita,"The actress who played Lolita, Sue Lyon , was fourteen at the time of filming.",Lolita (1962 film)
Q12,how are cholera and typhus transmitted and prevented,"Transmission occurs primarily by drinking water or eating food that has been contaminated by the feces (waste product) of an infected person, including one with no apparent symptoms.",Cholera
Q13,how did anne frank die,"Anne Frank and her sister, Margot , were eventually transferred to the Bergen-Belsen concentration camp , where they died of typhus in March 1945.",Anne Frank
Q14,how are aircraft radial engines built,The radial engine is a reciprocating type internal combustion engine configuration in which the cylinders point outward from a central crankshaft like the spokes of a wheel.,Radial engine
Q15,how deep can be drill for deep underwater,Deepwater drilling is the process of oil and gas exploration and production in depths of more than 500 feet.,Deepwater drilling
Q16,how old was monica lewinsky during the affair,"Monica Samille Lewinsky (born July 23, 1973) is an American woman with whom United States President Bill Clinton admitted to having had an ""improper relationship"" while she worked at the White House in 1995 and 1996.",Monica Lewinsky
Q17,how long was frank sinatra famous,"Beginning his musical career in the swing era with Harry James and Tommy Dorsey , Sinatra found unprecedented success as a solo artist from the early to mid-1940s after being signed to Columbia Records in 1943.",Frank Sinatra
Q18,how are antibodies used in,"An antibody (Ab), also known as an immunoglobulin (Ig), is a large Y-shaped protein produced by B-cells that is used by the immune system to identify and neutralize foreign objects such as bacteria and viruses .",antibody
Q19,how are antibodies used in,"The antibody recognizes a unique part of the foreign target, called an antigen .",antibody
Q20,how are antibodies used in,"Each tip of the ""Y"" of an antibody contains a paratope (a structure analogous to a lock) that is specific for one particular epitope (similarly analogous to a key) on an antigen, allowing these two structures to bind together with precision.",antibody
Q21,how are antibodies used in,"Using this binding mechanism, an antibody can tag a microbe or an infected cell for attack by other parts of the immune system, or can neutralize its target directly (for example, by blocking a part of a microbe that is essential for its invasion and survival).",antibody
Q22,how much is jk rowling worth,"The 2008 Sunday Times Rich List estimated Rowling's fortune at £560 million ($798 million), ranking her as the twelfth richest woman in the United Kingdom.",J. K. Rowling
Q23,how big is auburndale florida,"According to the U.S Census estimates of 2005, the city had a population of 12,381.","Auburndale, Florida"
Q24,"how old is kirk douglas, the actor?","Kirk Douglas (born Issur Danielovitch, ; December 9, 1916) is an American stage and film actor, film producer and author.",Kirk Douglas
Q25,how old is the singer bob seger,"Robert Clark ""Bob"" Seger (born May 6, 1945) is an American rock and roll singer-songwriter , guitarist and pianist .",Bob Seger
Q26,how long was i love lucy on the air,"The black-and-white series originally ran from October 15, 1951, to May 6, 1957, on the Columbia Broadcasting System (CBS).",I Love Lucy
Q27,how long was richard nixon a president,"Richard Milhous Nixon (January 9, 1913 – April 22, 1994) was the 37th President of the United States , serving from 1969 to 1974, when he became the only president to resign the office.",Richard Nixon
Q28,HOW MUCH IS CENTAVOS IN MEXICO,"The peso is subdivided into 100 centavos, represented by "" ¢ "".",Mexican peso
Q29,How long was Mickie James with WWE?,"James appeared in World Wrestling Entertainment (WWE) in October 2005 and was placed in a storyline with Trish Stratus , in which James' gimmick was that of Stratus' biggest fan turned obsessed stalker, an angle which lasted almost a year.",Mickie James
Q30,how did armando christian perez become famous,"Armando Pérez (born January 15, 1981), better known by his stage name Pitbull, is an American rapper, songwriter, and record producer.",Pitbull (entertainer)
Q31,how old were the twin towers when destroyed,"The original World Trade Center featured landmark twin towers, which opened on April 4, 1973 and were destroyed in the September 11 attacks of 2001, along with 7 World Trade Center.",World Trade Center
Q32,how are the # of electrons in each shell determined,"Each shell can contain only a fixed number of electrons: The 1st shell can hold up to two electrons, the 2nd shell can hold up to eight electrons, the 3rd shell can hold up to 18, and 4th shell can hold up to 32 and so on.",Electron shell
Q33,how many presidents of the us,"There have been 43 people sworn into office, and 44 presidencies, as Grover Cleveland served two non-consecutive terms and is counted chronologically as both the 22nd and 24th president.",List of Presidents of the United States
Q34,how old is beatrice author,"Beatrice ""Bea"" Arthur (May 13, 1922 – April 25, 2009) was an American actress, comedienne, and singer whose career spanned seven decades.",Bea Arthur
Q35,how are public schools funded,"State schools (also known as public schools or government schools) generally refer to primary or secondary schools mandated for or offered to all children without charge paid for, in whole or in part, by taxation .",state school
Q36,how are public schools funded,"The term may also refer to institutions of post-secondary education funded, in whole or in part, and overseen by government.",state school
Q37,what happens  to the light independent reactions of photosynthesis?,The light-independent reactions of photosynthesis are chemical reactions that convert carbon dioxide and other compounds into glucose .,Light-independent reactions
Q38,what happens  to the light independent reactions of photosynthesis?,These reactions take the light-dependent reactions and perform further chemical processes on them.,Light-independent reactions
Q39,how does interlibrary loan work,"Interlibrary loan (abbreviated ILL, and sometimes called interloan, document delivery, or document supply) is a service whereby a user of one library can borrow books or receive photocopies of documents that are owned by another library.",Interlibrary loan
Q40,how does interlibrary loan work,"The user makes a request with their local library, which, acting as an intermediary, identifies owners of the desired item, places the request, receives the item, makes it available to the user, and arranges for its return.",Interlibrary loan
Q41,what did mia hamm do his work,"Mariel Margaret ""Mia"" Hamm (born March 17, 1972) is a retired American professional soccer player.",Mia Hamm
Q42,what bacteria grow on macconkey agar,MacConkey agar is a culture medium designed to grow Gram-negative bacteria and differentiate them for lactose fermentation .,MacConkey agar
Q43,what countries are under the buddhism religion,"This is the predominant form of Buddhism practiced in China, South Korea, Japan, Taiwan, Singapore, and Vietnam.",Buddhism by country
Q44,how did wild bill's father die,"He was shot and killed while playing poker in the Nuttal & Mann's Saloon in Deadwood , Dakota Territory (now South Dakota ).",Wild Bill Hickok
Q45,how many land rovers have landed on mars,There have been four successful robotically operated Mars rovers.,Mars rover
Q46,how do forensic auditors examine financial reporting,"The audit opinion is intended to provide reasonable assurance, but not absolute assurance, that the financial statements are presented fairly, in all material respects, and/or give a true and fair view in accordance with the financial reporting framework.",Financial audit
Q47,how do forensic auditors examine financial reporting,"The purpose of an audit is provide and objective independent examination of the financial statements, which increases the value and credibility of the financial statements produced by management, thus increase user confidence in the financial statement, reduce investor risk and consequently reduce the cost of capital of the preparer of the financial statements.",Financial audit
Q48,how do forensic auditors examine financial reporting,Financial audits are typically performed by firms of practicing accountants who are experts in financial reporting.,Financial audit
Q49,what bird family is the owl,"Owls are a group of birds that belong to the order Strigiformes, constituting 200 extant bird of prey species .",Owl
Q50,how did harmon killebrew get strong,"With quick hands and exceptional upper-body strength, Killebrew was known not just for the frequency of his home runs but also for their distance.",Harmon Killebrew
Q51,What did the augurs use to interpret the will of the gods?,"His main role was to interpret the will of the gods by studying the flight of birds : whether they are flying in groups or alone, what noises they make as they fly, direction of flight and what kind of birds they are.",Augur
Q52,How much did Waterboy grossed,"The movie was extremely profitable, earning $161.5 million in North America alone.",The Waterboy
Q53,"What county is Farmington Hills, MI in?",It is the second largest city in Oakland County in the U.S. state of Michigan .,"Farmington Hills, Michigan"
Q54,what does a groundhog look for on groundhog day,"According to folklore, if it is cloudy when a groundhog emerges from its burrow on this day, then spring will come early; if it is sunny, the groundhog will supposedly see its shadow and retreat back into its burrow, and the winter weather will continue for six more weeks.",Groundhog Day
Q55,What committees are joint committees,A Joint Committee is a term in politics that is used to refer to a committee made up of members of both chambers of a bicameral legislature.,Joint committee
Q56,how many stripes on the flag,The 50 stars on the flag represent the 50 states of the United States of America and the 13 stripes represent the thirteen British colonies that declared independence from the Kingdom of Great Britain and became the first states in the Union.,Flag of the United States
Q57,How many states and territories are within India?,India is a federal union of states comprising twenty-eight states and seven union territories .,States and territories of India
Q58,how is whooping cough distinguished from similar diseases,"Symptoms are initially mild, and then develop into severe coughing fits, which produce the namesake high-pitched ""whoop"" sound in infected babies and children when they inhale air after coughing.",Pertussis
Q59,how is whooping cough distinguished from similar diseases,The coughing stage lasts approximately six weeks before subsiding.,Pertussis
Q60,what county is galveston in texas,Galveston County is a county located in the U.S. state of Texas within the Houston–Sugar Land–Baytown metropolitan area.,"Galveston County, Texas"
Q61,what cities are in the bahamas,Nassau,List of cities in the Bahamas
Q62,what cities are in the bahamas,"Freeport, Bahamas",List of cities in the Bahamas
Q63,how many schools are in the big ten,"Its twelve member institutions (which are primarily flagship research universities in their respective states, well-regarded academically, and with relatively large student enrollment) are located primarily in the Midwest , stretching from Nebraska in the west to Penn State in the east.",Big Ten Conference
Q64,how is single malt scotch made,"Single Malt Scotch is single malt whisky made in Scotland using a pot still distillation process at a single distillery , with malted barley as the only grain ingredient.",Single malt Scotch
Q65,how is single malt scotch made,"As with any Scotch whisky , a single malt Scotch must be distilled in Scotland and matured in oak casks in Scotland for at least three years (most single malts are matured longer).",Single malt Scotch
Q66,what composer used sound mass,"Composers and works include Barbara Kolb , Pauline Oliveros ' Sound Patterns for chorus (1961), Norma Beecroft 's From Dreams of Brass for chorus (1963–1964), and Nancy Van de Vate .",Sound mass
Q67,what composer used sound mass,"A very early example is the opening of Jean-Féry Rebel 's ballet Les Elémens (1737–38), where chaos is represented by a gradually cumulating orchestral cluster of all seven notes of the D minor scale (Henck 2004, pp. 52–54).",Sound mass
Q68,what composer used sound mass,A later example is the third movement of Ruth Crawford Seeger 's String Quartet 1931 (Nonesuch H-71280) while more recently Phill Niblock 's multiple drone based music serves as an example.,Sound mass
Q69,what composer used sound mass,"The use of ""chords approaching timbres"" begins with Debussy and Edgard Varèse often carefully scored individual instrumental parts so that they would fuse into one ensemble timbre or sound mass (Erickson 1975, pp. 18 and 21).",Sound mass
Q70,what composer used sound mass,"Other examples include European ""textural"" compositions of the fifties and sixties such as Krzysztof Penderecki 's Threnody to the Victims of Hiroshima (1959) and György Ligeti 's works featuring micropolyphony in works like Atmosphères (1961) and his Requiem (1963-65).",Sound mass
Q71,what composer used sound mass,"Other composers with works using this technique include Henryk Górecki , Karel Husa , Witold Lutosławski , Kazimierz Serocki , and Steven Stucky .",Sound mass
Q72,what composer used sound mass,Sound mass techniques also appear in the music of George Crumb (Anon. n.d.).,Sound mass
Q73,How Do You Play Spades,The object is to take at least the number of tricks that were bid before play of the hand began.,Spades
Q74,what continent is australia,"Australia is a continent comprising mainland Australia , Tasmania , New Guinea , Seram , possibly Timor , and neighbouring islands.",Australia (continent)
Q75,what causes heart disease,The causes of cardiovascular disease are diverse but atherosclerosis and/or hypertension are the most common.,Cardiovascular disease
Q76,what countries did immigrants come from during the immigration,"The history of immigration to the United States is a continuing story of peoples from more populated continents, particularly Europe and also Africa and Asia, crossing oceans to the new land.",History of immigration to the United States
Q77,what countries did immigrants come from during the immigration,Starting around 1600 British and other Europeans settled primarily on the east coast .,History of immigration to the United States
Q78,how many people live in atlanta georgia,"Atlanta (, stressed , locally ) is the capital of and the most populous city in the U.S. state of Georgia , with an estimated 2011 population of 432,427.",Atlanta
Q79,how many people live in atlanta georgia,"Atlanta is the cultural and economic center of the Atlanta metropolitan area , home to 5,457,831 people and the ninth largest metropolitan area in the United States.",Atlanta
Q80,what does it mean to be a commonwealth state,Commonwealth is a traditional English term for a political community founded for the common good.,Commonwealth
Q81,how long can you be in the supreme court,"Once appointed, justices have life tenure unless they resign, retire, or are removed after impeachment .",Supreme Court of the United States
Q82,what county in texas is conroe located in,Conroe is the seat of Montgomery County and falls within the metropolitan area.,"Conroe, Texas"
Q83,what can sql 2005 do,"As a database, it is a software product whose primary function is to store and retrieve data as requested by other software applications, be it those on the same computer or those running on another computer across a network (including the Internet).",Microsoft SQL Server
Q84,how many people were killed in the oklahoma city bombing,"The Oklahoma blast claimed 168 lives, including 19 children under the age of 6, and injured more than 680 people.",Oklahoma City bombing
Q85,What group took home the award for best rock album at the Australian Recording Industry Association (ARIA) Music Awards?,"Winning, or even being nominated for, an ARIA award results in a lot of media attention on an artist, and usually increases recording sales several-fold – in 2005 , for example, after Ben Lee won three awards, his album Awake Is the New Sleep jumped from No. 31 to No. 5 in the ARIA Charts , its highest position.",ARIA Music Awards
Q86,how does a dredge work?,"Dredging is an excavation activity or operation usually carried out at least partly underwater, in shallow seas or fresh water areas with the purpose of gathering up bottom sediments and disposing of them at a different location.",Dredging
Q87,how does a dredge work?,"A dredger (or “dredge” as is the general usage in the Americas) is any device, machine, or vessel that is used to excavate and remove material from the bottom of a body of water.",Dredging
Q88,how does a dredge work?,"For example, a scoop attached to the end of a rope or pole by which a man can draw sediments up from the bottom of a pond is a dredger.",Dredging
Q89,how does a dredge work?,"Developing this idea further, a motorized crane equipped with a drag bucket or clamshell (grabber) that is used to scoop material from the bottom of a body of water is also a dredger.",Dredging
Q90,how does a dredge work?,"If the crane is mounted on a barge, the entire vessel is referred to as a dredger.",Dredging
Q91,what did benedict arnold die,"He returned to London to settle permanently in 1791, where he died ten years later.",Benedict arnold
Q92,how many world series did curt schilling have,He helped lead the Philadelphia Phillies to the World Series in and won World Series championships in with the Arizona Diamondbacks and in and with the Boston Red Sox .,Curt Schilling
Q93,how many ports are there in networking,"Of the thousands of enumerated ports, about 250 well-known ports are reserved by convention to identify specific service types on a host.",Port (computer networking)
Q94,what area code is 479,"Area code 479 is the telephone area code serving thirteen counties in northwest Arkansas , including the cities of Fort Smith , Fayetteville , Springdale , Rogers and Bentonville : the second, third, fourth, eighth and tenth-largest cities in the state, respectively.",Area code 479
Q95,what area code is 479,"Area code 479 serves Benton , Carroll (split with area code 870 ), Crawford , Franklin , Johnson , Logan , Madison , Polk , Pope , Scott , Sebastian , Washington and Yell Counties in Arkansas.",Area code 479
Q96,what does arraignment mean,Arraignment is a formal reading of a criminal charging document in the presence of the defendant to inform the defendant of the charges against him or her.,Arraignment
Q97,what did chaucer do,"While he achieved fame during his lifetime as an author, philosopher, alchemist and astronomer , composing a scientific treatise on the astrolabe for his ten year-old son Lewis, Chaucer also maintained an active career in the civil service as a bureaucrat, courtier and diplomat.",Geoffrey Chaucer
Q98,what did chaucer do,"Chaucer is a crucial figure in developing the legitimacy of the vernacular , Middle English , at a time when the dominant literary languages in England were French and Latin.",Geoffrey Chaucer
Q99,what does am and pm stand for,"The 12-hour clock is a time convention in which the 24 hours of the day are divided into two periods: a.m. (from the Latin ante meridiem, meaning ""before midday"") and p.m. (post meridiem, ""after midday"").",12-hour clock
Q100,how is canada's health care,"A 2007 review of all studies comparing health outcomes in Canada and the US in a Canadian peer-reviewed medical journal found that ""health outcomes may be superior in patients cared for in Canada versus the United States, but differences are not consistent.""",Comparison of the health care systems in Canada and the United States
Q101,how many xbox 360 games are there,"There are currently 952 games (multiplatform: 751; exclusive: 123; console exclusive: 78) on this list as of April 2, 2013.",List of Xbox 360 games
Q102,how do pineapples grow,"Pineapples may be cultivated from a crown cutting of the fruit, possibly flowering in 20–24 months and fruiting in the following six months.",Pineapple
Q103,what country did wine originate in,"Archaeological evidence suggests that the earliest known wine production occurred in what is now the country of Georgia around 7000 BCE, with other notable sites in Greater Iran dated 4500 BCE and Armenia 4100 BCE, respectively.",History of wine
Q104,how many district are in west bengal,"In 1947, when India gained independence, the state of West Bengal was formed with 14 districts, as per partition plan of the then Bengal province of British India .",List of districts of West Bengal
Q105,how many towns in new hampshire,This is a list of the 221 towns and 13 cities in the U.S. state of New Hampshire .,List of cities and towns in New Hampshire
Q106,what does salesforce.com do?,"Though best known for its customer relationship management (CRM) product, Salesforce has also expanded into the ""social enterprise arena"" through acquisitions.",Salesforce.com
Q107,what does 1 year mean to the planet,"During one orbit around the Sun, the Earth rotates about its own axis 366.26 times, creating 365.26 solar days , or one sidereal year .",Earth
Q108,what is feedback mechanism in plants during respiration,"Cellular respiration is the set of the metabolic reactions and processes that take place in the cells of organisms to convert biochemical energy from nutrients into adenosine triphosphate (ATP), and then release waste products.",Cellular respiration
Q109,how fire extinguisher works,"Cartridge-operated extinguishers contain the expellant gas in a separate cartridge that is punctured prior to discharge, exposing the propellant to the extinguishing agent.",Fire extinguisher
Q110,what does righteousness mean,"Righteousness (also called rectitude) is an important theological concept in Christianity , Judaism , Islam , Hinduism (dharma), and Zoroastrianism .",Righteousness
Q111,what does righteousness mean,"It is an attribute that implies that a person's actions are justified, and can have the connotation that the person has been ""judged"" or ""reckoned"" as leading a life that is pleasing to the god/s portrayed in these belief systems.",Righteousness
Q112,what countries are in central america?,"Central America consists of seven countries: Belize , Costa Rica , El Salvador , Guatemala , Honduras , Nicaragua , and Panama .",Central america
Q113,how does a steam engine work,A steam engine is a heat engine that performs mechanical work using steam as its working fluid .,Steam engine
Q114,how does a steam engine work,"Steam engines are external combustion engines , where the working fluid is separate from the combustion products.",Steam engine
Q115,what county is tacoma washington in,"Tacoma (, ) is a mid-sized urban port city and the county seat of Pierce County, Washington , United States.","Tacoma, Washington"
Q116,what county is chula vista ca in,"As the second largest city in San Diego County , Chula Vista has quickly become a destination popular to many tourists.","Chula Vista, California"
Q117,what did isaac newton do,Sir Isaac Newton (25 December 164220 March 1727) was an English physicist and mathematician who is widely regarded as one of the most influential scientists of all time and as a key figure in the scientific revolution .,Isaac Newton
Q118,what does the universal law of gravitation state,Newton's law of universal gravitation states that every point mass in the universe attracts every other point mass with a force that is directly proportional to the product of their masses and inversely proportional to the square of the distance between them.,Newton's law of universal gravitation
Q119,how does a dim sum restaurant work,Dim sum () refers to a style of Cantonese food prepared as small bite-sized or individual portions of food traditionally served in small steamer baskets or on small plates.,Dim sum
Q120,how does a dim sum restaurant work,"Dim sum is also well known for the unique way it is served in some restaurants, wherein fully cooked and ready-to-serve dim sum dishes are carted around the restaurant for customers to choose their orders while seated at their tables.",Dim sum
Q121,how does a dim sum restaurant work,"Eating dim sum at a restaurant is usually known in Cantonese as going to ""drink tea"" ( yum cha , 飲茶), as tea is typically served with dim sum.",Dim sum
Q122,how many US soldiers killed in Iraq war,"A total of 4,486 U.S. soldiers were killed in Iraq between 2003 and 2012.",Casualties of the Iraq War
Q123,how many planets is jupiter away from the sun?,Jupiter is the fifth planet from the Sun and the largest planet in the Solar System .,Jupiter
Q124,what city was the convention when gerald ford was nominated,"Held in Kemper Arena in Kansas City , Missouri , the convention nominated President Gerald Ford for a full term, but only after narrowly defeating a strong challenge from former California Governor Ronald Reagan .",1976 Republican National Convention
Q125,how many professional hockey teams in canada,"It started with four teams and, through a series of expansions, contractions, and relocations, the league is now composed of 30 active franchises.",National Hockey League
Q126,what county is northville mi,Northville is an affluent city located in and divided by Oakland and Wayne counties in the U.S. state of Michigan .,"Northville, Michigan"
Q127,what county is northville mi,"Most of the city is in Oakland County, and is surrounded by the city of Novi .","Northville, Michigan"
Q128,how many games did brett favre start in a row,"He has led teams to eight division championships ( 1995 , 1996 , 1997 , 2002 , 2003 , 2004 , 2007 , 2009 ), five NFC Championship Games ( 1995 , 1996 , 1997 , 2007 , 2009 ), and two Super Bowl appearances ( Super Bowl XXXI , Super Bowl XXXII ), winning one (Super Bowl XXXI).",Brett Favre
Q129,what does a vote to table a motion mean?,"In the United States, to table usually means the to lay [the topic] on the table or to move for postponement of consideration; a proposal to suspend consideration of a pending motion.",Table (parliamentary procedure)
Q130,What does the class mean for SDHC cards?,"The four families are the original Standard-Capacity (SDSC), the High-Capacity ( SDHC ), the eXtended-Capacity ( SDXC ), and the SDIO , which combines input/output functions with data storage.",Secure Digital
Q131,what do porcupines eat,"It eats leaves, herbs, twigs and green plants like skunk cabbage and clover and in the winter it may eat bark.",Porcupine
Q132,what did elijah mccoy invent,"Elijah J. McCoy (May 2, 1844 – October 10, 1929) was a black Canadian-American inventor and engineer, who was notable for his 57 U.S. patents , most to do with lubrication of steam engines.",Elijah McCoy
Q133,how many apple store are there in total?,", Apple has 405 stores worldwide, with global sales of billion in merchandise in 2011, and they lead the United States retail market in terms of sales per unit area .",Apple Store
Q134,What does the idea of effective nuclear charge tell us,"The term ""effective"" is used because the shielding effect of negatively charged electrons prevents higher orbital electrons from experiencing the full nuclear charge by the repelling effect of inner-layer electrons.",Effective nuclear charge
Q135,how is jerky made,"Jerky is lean meat that has been trimmed of fat, cut into strips, and then dried to prevent spoilage.",Jerky
Q136,how is jerky made,"Modern manufactured jerky is normally marinated in a seasoned spice rub or liquid, and dried, dehydrated or smoked with low heat (usually under 70 °C/160 °F).",Jerky
Q137,what domain is eu,.eu is the country code top-level domain (ccTLD) for the European Union (EU).,.eu
Q138,"What does the name ""Meister"" mean in German","Meister means master in German (as in master craftsman , or as an honorific title such as Meister Eckhart ).",Meister
Q139,what happened on the moon during the period of Late Heavy Bombardment?,"During this event a very large number of the impact craters on the Moon would have formed, and by inference on Earth , Mercury , Venus and Mars as well.",Late Heavy Bombardment
Q140,How did Edgar Allan Poe die?,"On October 7, 1849, at age 40, Poe died in Baltimore; the cause of his death is unknown and has been variously attributed to alcohol, brain congestion, cholera , drugs, heart disease, rabies , suicide, tuberculosis, and other agents.",Edgar allan poe
Q141,what did tycho brahe do,"Tycho Brahe (14 December 154624 October 1601), born Tyge Ottesen Brahe, was a Danish nobleman known for his accurate and comprehensive astronomical and planetary observations.",Tycho Brahe
Q142,what did tycho brahe do,Tycho was well known in his lifetime as an astronomer and alchemist .,Tycho Brahe
Q143,how many seasons heroes,"Four complete seasons aired, ending on February 8, 2010.",Heroes (TV series)
Q144,what holiday is first weekend of september,"Labor Day is an American federal holiday observed on the first Monday in September, that celebrates the economic and social contributions of workers.",Labor day
Q145,how old r Dylan and Cole Sprouse,"Dylan Thomas Sprouse and Cole Mitchell Sprouse (born August 4, 1992) are American actors.",Dylan and Cole Sprouse
Q146,what does life insurance cover?,"Life insurance is a contract between an insured (insurance policy holder) and an insurer , where the insurer promises to pay a designated beneficiary a sum of money (the ""benefits"") upon the death of the insured person.",Life insurance
Q147,what does life insurance cover?,"Depending on the contract, other events such as terminal illness or critical illness may also trigger payment.",Life insurance
Q148,what does life insurance cover?,"Protection policies – designed to provide a benefit in the event of specified event, typically a lump sum payment.",Life insurance
Q149,how many days does the chinese new year last,9 – 12 February (Vietnam),Chinese New Year
Q150,what does s.h.i.e.l.d stand for,"The acronym originally stood for Supreme Headquarters, International Espionage, Law-Enforcement Division.",S.H.I.E.L.D.
Q151,how many consoles has xbox 360 sold,"As of September 30, 2012, 70 million Xbox 360 consoles have been sold worldwide.",Xbox 360
Q152,how is a backpack made,"The bag itself was made up of different animal hide and skin (depending on what sorts of animals were in the area) and sewn together by the intestines of said animals, which were woven together tightly to make a sturdy thread-like material.",Backpack
Q153,WHAT COUNTRY IS MEXICO IN,"Mexico (; ; ), officially the United Mexican States (), is a federal constitutional republic in North America.",Mexico
Q154,how is slugging percentage calculated,It is calculated as total bases divided by at bats :,Slugging percentage
Q155,what day is st. patricks day,"Saint Patrick's Day or the Feast of Saint Patrick (, ""the Day of the Festival of Patrick"") is a cultural and religious holiday celebrated on 17 March.",Saint Patrick's Day
Q156,what cheese is made from goat's milk,"Goat cheese, or chèvre (from the French word for goat), is cheese made out of the milk of goats .",Goat cheese
Q157,what does the federal reserve do,"Its duties have expanded over the years, and today, according to official Federal Reserve documentation, include conducting the nation's monetary policy , supervising and regulating banking institutions, maintaining the stability of the financial system and providing financial services to depository institutions , the U.S. government, and foreign official institutions.",Federal Reserve System
Q158,what country is belize in,"Belize , is a country located on the northeastern coast of Central America.",Belize
Q159,how many books are included in the protestant Bible?,Christian Bibles range from the sixty-six books of the Protestant canon to the eighty-one books of the Ethiopian Orthodox Tewahedo Church canon.,Books of the Bible
Q160,how many stars on the first american flag,The flag was designed during the American Revolution and features 13 stars to represent the original 13 colonies .,Betsy Ross flag
Q161,how does a cat purr,"However, using a strict definition of purring that continuous sound production must alternate between pulmonic egressive and ingressive airstream (and usually go on for minutes), Peters (2002), in an exhaustive review of the scientific literature, reached the conclusion that until then only ‘purring cats’ (Felidae) and two species of genets , Genetta tigrina, and most likely also Genetta genetta, had been documented to purr.",Purr
Q162,what became of rich on price is right,"Fields is currently a meteorologist for the CBS owned and operated television stations KCBS-TV and KCAL-TV in Los Angeles, California.",Rich Fields
Q163,what became of rich on price is right,"Fields can also be heard on the radio on K-EARTH 101 KRTH , KNX-AM and KFWB in Los Angeles.",Rich Fields
Q164,what county is St. Elizabeth MO in,"St. Elizabeth is a village in Miller County , Missouri , United States .","St. Elizabeth, Missouri"
Q165,what county is wilton ca in,"Wilton is a census-designated place (CDP) in Sacramento County , California , United States .","Wilton, California"
Q166,what happened to stevie ray vaughan,"On August 27, 1990, Vaughan was killed in a helicopter crash following a performance in East Troy, Wisconsin .",Stevie Ray Vaughan
Q167,how many gold gloves does barry larkin have,"Larkin is considered one of the top players of his era, winning nine Silver Slugger awards and three Gold Glove awards .",Barry Larkin
Q168,what caused ww,"The causes of World War I , which began in central Europe in late July 1914 and finished in 1918, included many factors, such as the conflicts and hostility of the four decades leading up to the war.",Causes of World War I
Q169,how did women's role change during the war,"Whether it was on the home front or the front-lines, for civilian or enlisted women, the World Wars started a new era for women's opportunities to contribute in war and be recognized for efforts outside of the home.",Women's roles in the World Wars
Q170,how many seasons were there of the wire,"The Wire premiered on June 2, 2002, and ended on March 9, 2008, comprising 60 episodes over five seasons.",The Wire
Q171,what kind of legal remedy is it to ask someone to fulfill there promise,"The word promise can be used as a legal synonym for contract, although care is required as a promise may not have the full standing of a contract, as when it is an agreement without consideration .",Contract
Q172,how is ASP.NET different from .NET,ASP.NET is a server-side Web application framework designed for Web development to produce dynamic Web pages .,ASP.NET
Q173,how does lsd impact the human body,"Lysergic acid diethylamide, abbreviated LSD or LSD-25, also known as lysergide ( INN ) and colloquially as acid, is a semisynthetic psychedelic drug of the ergoline family, well known for its psychological effects which can include altered thinking processes, closed and open eye visuals, synesthesia , an altered sense of time and spiritual experiences , as well as for its key role in 1960s counterculture .",Lysergic acid diethylamide
Q174,how does lsd impact the human body,"LSD is non-addictive, is not known to cause brain damage, and has extremely low toxicity relative to dose .",Lysergic acid diethylamide
Q175,how does lsd impact the human body,"However, adverse psychiatric reactions such as anxiety, paranoia, and delusions are possible.",Lysergic acid diethylamide
Q176,how many people live in memphis tennessee,"Memphis had a population of 672,277 in 2011 making it the largest city in the state of Tennessee , the largest city on the Mississippi River , the third largest in the Southeastern United States , and the 20th largest in the United States.","Memphis, Tennessee"
Q177,how many muscles in the human body,"There are approximately 642 skeletal muscles within the typical human, and almost every muscle constitutes one part of a pair of identical bilateral muscles, found on both sides, resulting in approximately 320 pairs of muscles, as presented in this article.",List of muscles of the human body
Q178,how did seminole war end,"Ultimately, the Spanish Crown ceded the colony to United States rule.",Seminole Wars
Q179,what county is orono maine in,"Orono is a town in Penobscot County , Maine , United States .","Orono, Maine"
Q180,what it is a pilot study,"A pilot experiment, also called a pilot study, is a small scale preliminary study conducted in order to evaluate feasibility, time, cost, adverse events, and effect size (statistical variability) in an attempt to predict an appropriate sample size and improve upon the study design prior to performance of a full-scale research project.",Pilot experiment
Q181,how many humps on a camel,"The two surviving species of camel are the dromedary , or one-humped camel, which is native to the Middle East and the Horn of Africa ; and the Bactrian , or two-humped camel, which inhabits Central Asia .",Camel
Q182,what can be powered by wind,"Wind power is the conversion of wind energy into a useful form of energy, such as using wind turbines to make electrical power , windmills for mechanical power, wind pumps for water pumping or drainage , or sails to propel ships.",Wind power
Q183,how many nature oceans are on earth,"In the context of Earth , it refers to one or all of the major divisions of the planet's World Ocean – they are, in descending order of area, the Pacific , Atlantic , Indian , Southern (Antarctic) , and Arctic Oceans.",Ocean
Q184,what county is jacksonville florida in,"It is the county seat of Duval County , with which the city government consolidated in 1968.","Jacksonville, Florida"
Q185,what chili wants wiki,"What Chilli Wants is an American reality series on VH1 starring Chilli , one-third of the Grammy Award -winning R&B trio TLC .",What Chilli Wants
Q186,what does a liquid oxygen plant look like,The blue color of liquid oxygen in a dewar flask,Liquid oxygen
Q187,what division is boise state football,The Boise State Broncos football program represents Boise State University in college football and compete in the Football Bowl Subdivision (FBS) of Division I as a member of the Mountain West Conference .,Boise State Broncos football
Q188,"What does the term ""mens rea"" mean","Mens rea is Latin for ""guilty mind"".",Mens rea
Q189,what do UA's detect,"A drug test is a technical analysis of a biological specimen – for example urine, hair, blood, sweat, or oral fluid / saliva – to determine the presence or absence of specified parent drugs or their metabolites .",Drug test
Q190,how much caffeine is in a shot of espresso,"Espresso has more caffeine per unit volume than most beverages, but the usual serving size is smaller—a typical 60 mL (2 US fluid ounce ) of espresso has 80 to 150 mg of caffeine, little less than the 95 to 200 mg of a standard 240 mL (8 US fluid ounces ) cup of drip-brewed coffee.",Espresso
Q191,What does Human sperm consist of?,"In humans, seminal fluid contains several components besides spermatozoa: proteolytic and other enzymes as well as fructose are elements of seminal fluid which promote the survival of spermatozoa and provide a medium through which they can move or ""swim"".",Semen
Q192,how did the penguins acquire sidney crosby,Crosby was drafted first overall by the Penguins out of the Quebec Major Junior Hockey League (QMJHL).,Sidney Crosby
Q193,what does add my two cents mean,"""My two cents"" (2¢) and its longer version ""put my two cents in"" is an United States (US) idiomatic expression, taken from the original English idiom expression: to put in ""my two pennies worth"" or ""my tuppence worth.""",My two cents
Q194,how much total wealth in USA,"Including human capital such as skills, the United Nations estimated the total wealth of the United States in 2008 to be $118 trillion.",Wealth in the United States
Q195,what does a plus-minus sign mean,"to indicate the precision of an approximation , or",Plus-minus sign
Q196,what does a plus-minus sign mean,to indicate a value that can be of either sign.,Plus-minus sign
Q197,how was the moon formed,"The Moon is thought to have formed nearly 4.5 billion years ago, not long after the Earth.",Moon
Q198,how was the moon formed,"Although there have been several hypotheses for its origin in the past, the current most widely accepted explanation is that the Moon formed from the debris left over after a giant impact between Earth and a Mars -sized body.",Moon
Q199,what did ronald reagan do as president,"As president, Reagan implemented sweeping new political and economic initiatives.",Ronald Reagan
Q200,what does judgment as a matter of law mean,"Judgment as a matter of law (JMOL) is a motion made by a party, during trial, claiming the opposing party has insufficient evidence to reasonably support its case.",Judgment as a matter of law
Q201,how many presidents have been assassinated,"Four sitting presidents have been killed: Abraham Lincoln (the 16th President), James A. Garfield (the 20th President), William McKinley (the 25th President) and John F. Kennedy (the 35th President).",List of United States presidential assassination attempts and plots
Q202,what does oklahoma produce,"A major producer of natural gas , oil , and agriculture, Oklahoma relies on an economic base of aviation, energy, telecommunications, and biotechnology .",Oklahoma
Q203,how many redwall books are there,There have been twenty-two novels and two picture books published.,Redwall
Q204,what date did the american civil war start,"Hostilities began on April 12, 1861, when Confederate forces fired upon Fort Sumter , a key fort held by Union troops in South Carolina.",American Civil War
Q205,what does bruce jenner do,"William Bruce Jenner (born October 28, 1949) is a former U.S. track and field athlete , motivational speaker , socialite , television personality and businessman .",Bruce Jenner
Q206,what does alkali do to liquids?,Some authors also define an alkali as a base that dissolves in water .,Alkali
Q207,what area code is 217,Area code 217 is the North American telephone area code for much of western and central Illinois .,Area code 217
Q208,what area code is 217,"The 217 area includes Illinois' capital , Springfield , plus Champaign , Urbana , Decatur , Danville , Quincy , and Rantoul .",Area code 217
Q209,how jameson irish whiskey is made,"Jameson is similar in its adherence to the single distillery principle to the single malt tradition, but Jameson blends column still spirit with Single pot still whiskey , a combination of malted barley with unmalted or ""green"" barley distilled in a pot still.",Jameson Irish Whiskey
Q210,what does gloria in excelsis deo mean,"""Gloria in excelsis Deo"" ( Latin for ""Glory to God in the highest"") is a hymn known also as the Greater Doxology (as distinguished from the ""Minor Doxology"" or Gloria Patri ) and the Angelic Hymn.",Gloria in Excelsis Deo
Q211,how many grams in a troy ounce of gold,"There are 12 troy ounces per troy pound, rather than the 16 ounces per pound found in the more common avoirdupois system .",Troy weight
Q212,how many grams in a troy ounce of gold,"The troy ounce is 480 grains, compared with the avoirdupois ounce, which is 4371⁄2 grains.",Troy weight
Q213,How many consecutive games did Ken Jennings win?,"In 2004, Jennings won 74 Jeopardy!",Ken Jennings
Q214,"what county is jennings, la","Jennings is a small city in and the parish seat of Jefferson Davis Parish , Louisiana , United States , near Lake Charles .","Jennings, Louisiana"
Q215,how does nanotechnology affect health,"Nanotechnology may be able to create many new materials and devices with a vast range of applications , such as in medicine , electronics , biomaterials and energy production.",Nanotechnology
Q216,how much does united states spend on health care,"According to the World Health Organization (WHO), the United States spent more on health care per capita ($7,146), and more on health care as percentage of its GDP (15.2%), than any other nation in 2008.",Health care in the United States
Q217,what does it take to start a lodge in freemason,"Every new Lodge must be warranted or chartered by a Grand Lodge, but is subject to its direction only in enforcing the published Constitution of the jurisdiction.",Masonic Lodge
Q218,how does black pepper grow,"Black pepper (Piper nigrum) is a flowering vine in the family Piperaceae , cultivated for its fruit , which is usually dried and used as a spice and seasoning .",Black pepper
Q219,how south african leaders are elected,"The President is elected by members of the National Assembly , the lower house of Parliament , and is usually the leader of the largest party, which has been the African National Congress since the first non-racial elections were held on 27 April 1994.",President of South Africa
Q220,how was the phone invented,"The invention of the telephone is the culmination of work done by many individuals, the history of which involves a collection of claims and counterclaims.",Invention of the telephone
Q221,how many died in hiroshima and nagasaki,"Within the first two to four months of the bombings, the acute effects killed 90,000–166,000 people in Hiroshima and 60,000–80,000 in Nagasaki, with roughly half of the deaths in each city occurring on the first day.",Atomic bombings of Hiroshima and Nagasaki
Q222,what county is Holly Ridge nc in?,"Holly Ridge is a town in Onslow County , North Carolina , United States .","Holly Ridge, North Carolina"
Q223,what forms seasons,"A season is a subdivision of the year , marked by changes in weather , ecology , and hours of daylight .",Season
Q224,what forms seasons,Seasons result from the yearly revolution of the Earth around the Sun and the tilt of the Earth's axis relative to the plane of revolution.,Season
Q225,what forms seasons,It is the tilt of the Earth that causes the Sun to be higher in the sky during the summer months which increases the solar flux .,Season
Q226,how did mohammed gandhi die,He was assassinated on 30 January 1948 by Nathuram Godse who thought Gandhi was too sympathetic to India's Muslims.,Mahatma Gandhi
Q227,how many users do twitter have,"The service rapidly gained worldwide popularity, with over 500 million registered users as of 2012, generating over 340 million tweets daily and handling over 1.6 billion search queries per day.",Twitter
Q228,what kind of books does debbie macomber writes,"Debbie Macomber (born October 22, 1948 in Yakima, Washington ) is a best-selling American author of over 150 romance novels and contemporary women's fiction.",Debbie Macomber
Q229,what county is catonsville md in,"Catonsville is a census-designated place (CDP) in Baltimore County , Maryland , United States.","Catonsville, Maryland"
Q230,what kind of literature did john steinbeck writing,"As the author of twenty-seven books, including sixteen novels, six non-fiction books, and five collections of short stories, Steinbeck received the Nobel Prize for Literature in 1962.",John Steinbeck
Q231,whatever happened clint walker,"Norman Eugene Walker, known as Clint Walker (born May 30, 1927), is a retired American actor .",Clint Walker
Q232,what does the family leave act,The Family and Medical Leave Act of 1993 (FMLA) is a United States federal law requiring covered employers to provide employees job-protected and unpaid leave for qualified medical and family reasons.,Family and Medical Leave Act of 1993
Q233,what does the family leave act,"Qualified medical and family reasons include: personal or family illness, family military leave, pregnancy , adoption , or the foster care placement of a child.",Family and Medical Leave Act of 1993
Q234,how did the vietnam war end,"The capture of Saigon by the Vietnam People's Army in April 1975 marked the end of the war, and North and South Vietnam were reunified the following year.",Vietnam War
Q235,How is the pothole formed,"A pothole (sometimes called a kettle and known in parts of the Western United States as a chuckhole) is a type of disruption in the surface of a roadway where a portion of the road material has broken away, leaving a hole.",Pothole
Q236,how much more time does chemo give to people with renal cancer,"Where the tumor is confined to the renal parenchyma, the 5-year survival rate is 60-70%, but this is lowered considerably where metastases have spread.",Renal cell carcinoma
Q237,what does estee lauder do,"Estée Lauder Companies, Inc. is a manufacturer and marketer of prestige skincare, makeup, fragrance and hair care products.",EstÃ©e Lauder Companies
Q238,how does a solid state drive work,It uses an external power supply to make the DRAM non-volatile.,Solid-state drive
Q239,how does a solid state drive work,"A solid-state drive (SSD) (also known as a solid-state disk or electronic disk, though it contains no actual ""disk"" of any kind) is a data storage device using integrated circuit assemblies as memory to store data persistently .",Solid-state drive
Q240,how long did the roman empire last,"The 500-year-old Roman Republic , which preceded it, had been destabilized through a series of civil wars .",Roman Empire
Q241,how much does U.S. pay on health care per person,"In 2006, per-capita spending for health care in Canada was US$3,678; in the U.S., US$6,714.",Comparison of the health care systems in Canada and the United States
Q242,what creates sonic boom,A sonic boom is the sound associated with the shock waves created by an object traveling through the air faster than the speed of sound.,Sonic boom
Q243,how is rfid tag powered,Some tags are powered and read at short ranges (a few meters) via magnetic fields ( electromagnetic induction ).,Radio-frequency identification
Q244,how is rfid tag powered,"Others use a local power source such as a battery, or else have no battery but collect energy from the interrogating EM field, and then act as a passive transponder to emit microwaves or UHF radio waves (i.e., electromagnetic radiation at high frequencies).",Radio-frequency identification
Q245,how is rfid tag powered,Battery powered tags may operate at hundreds of meters.,Radio-frequency identification
Q246,what city is oregon state university in,"Oregon State University (OSU) is a coeducational , public research university located in Corvallis , Oregon , United States .",Oregon State University
Q247,how long have kanab ambersnail been endangered?,It has been listed as endangered on the United States Fish and Wildlife Service list of endangered species since 8 August 1991.,Kanab ambersnail
Q248,how many spanish speaking people are there in the us,"According to the 2010 American Community Survey conducted by the U.S. Census Bureau , Spanish is the primary language spoken at home by almost 37 million people aged five or older, a figure more than double that of 1990.",Spanish language in the United States
Q249,what does (sic) mean?,"is a Latin word that means ""thus"" or, in writing, ""it was thus in the source material"".",Sic
Q250,how does sedimentary rock form,Sedimentary rocks are types of rock that are formed by the deposition of material at the Earth 's surface and within bodies of water.,Sedimentary rock
Q251,how many bones are in the skeletal system is composed of 306 bones,"Humans are born with over 270 bones, some of which fuse together into a longitudinal axis, the axial skeleton , to which the appendicular skeleton is attached.",Human skeleton
Q252,what did st.patrick do,"He is generally credited with being the first bishop of Armagh , Primate of All Ireland .",Saint Patrick
Q253,how do you know if something is the golden ratio,"In mathematics and the arts , two quantities are in the golden ratio if the ratio of the sum of the quantities to the larger quantity is equal to the ratio of the larger quantity to the smaller one.",Golden ratio
Q254,What county is NOrth Myrtle Beach in SC,"North Myrtle Beach is a coastal resort city in Horry County , South Carolina , United States .","North Myrtle Beach, South Carolina"
Q255,how much of our universe does plasma make up,"In the universe , plasma is the most common state of matter for ordinary matter , most of which is in the rarefied intergalactic plasma (particularly intracluster medium ) and in stars.",Plasma (physics)
Q256,How is a computer used?,A computer is a general purpose device that can be programmed to carry out a finite set of arithmetic or logical operations.,Computer
Q257,what does barefoot and pregnant mean,"""Barefoot and pregnant"" is a phrase most commonly associated with the controversial idea that women should not work outside the home and should have many children during their reproductive years.",Barefoot and pregnant
Q258,"what county is oakhurst, nj in","Oakhurst is a census-designated place and unincorporated community within Ocean Township , in Monmouth County , New Jersey , United States.","Oakhurst, New Jersey"
Q259,What did Lawrence Joshua Chamberlain do?,"Joshua Lawrence Chamberlain (September 8, 1828 – February 24, 1914), born as Lawrence Joshua Chamberlain, was an American college professor from the State of Maine , who volunteered during the American Civil War to join the Union Army .",Joshua Chamberlain
Q260,what circuit court is maryland,The Circuit Courts of Maryland are the state trial courts of general jurisdiction in Maryland.,Maryland Circuit Courts
Q261,what causes a deficiency in adenosine deaminase,"Adenosine deaminase deficiency, also called ADA deficiency or ADA-SCID, is an autosomal recessive metabolic disorder that causes immunodeficiency .",Adenosine deaminase deficiency
Q262,how often does ham station need to ID?,"Station identification used to be done regularly by an announcer at the halfway point during the presentation of a television program, or in between programs.",Station identification
Q263,how is human height measured,"Human height is the distance from the bottom of the feet to the top of the head in a human body , standing erect.",Human height
Q264,how many days are in a leap year,"For example, in the Gregorian calendar (a common solar calendar), February in a leap year has 29 days instead of the usual 28, so the year lasts 366 days instead of the usual 365.",Leap year
Q265,what does a timing belt do,"Timing belt (camshaft) , a toothed belt used to drive the camshaft(s) within an internal combustion engine",Timing belt
Q266,what county is bethlehem pa in,"Bethlehem is a city in Lehigh and Northampton Counties in the Lehigh Valley region of eastern Pennsylvania , in the United States.","Bethlehem, Pennsylvania"
Q267,what countries legalize marijuana,"Furthermore, possession is legal or effectively legal in the Netherlands , North Korea and would be in the U.S. states of Colorado and Washington if it were not for federal law, which governs persons in all states.",Legality of cannabis
Q268,how many albums has dmx sold to this date,"DMX has sold over 30 million records worldwide, making him one of the best-selling hip-hop artists of all time.",DMX (rapper)
Q269,what channel is shopnbc on,"ShopNBC is an American broadcast and cable home shopping network, owned and operated by ValueVision Media , which is in turn 30% owned by GE Equity and NBC Universal .",ShopNBC
Q270,how post and lintels are used,"Post and lintel, ""prop and lintel"" or ""trabeated"" is a simple construction method using a lintel , header, or architrave as the horizontal member over a building void supported at its ends by two vertical columns , , or .",Post and lintel
Q271,what do mucous membranes secrete,"The sticky, thick fluid secreted by the mucous membranes and glands is termed mucus .",Mucous membrane
Q272,what company is cricket wireless by,"The company is a subsidiary of Leap Wireless , utilizing its CDMA 1X, 1xEV-DO and LTE networks.",Cricket Wireless
Q273,how many numbers on a credit card,"An ISO/IEC 7812 card number is typically 16 digits in length, and consists of:",Bank card number
Q274,what county is Cambria WI in,"Cambria is a village in Columbia County , Wisconsin , United States .","Cambria, Wisconsin"
Q275,how is public policy created,Public policy is the principled guide to action taken by the administrative executive branches of the state with regard to a class of issues in a manner consistent with law and institutional customs .,Public policy
Q276,how many wives did henry the 8th have,"Besides his six marriages, Henry VIII is known for his role in the separation of the Church of England from the Roman Catholic Church.",Henry VIII of England
Q277,what country are bongo drums from?,Bongos (Spanish: bongó) are an Afro-Cuban percussion instrument .,Bongo drum
Q278,how many books in bible,Christian Bibles range from the sixty-six books of the Protestant canon to the eighty-one books of the Ethiopian Orthodox Tewahedo Church canon.,Books of the Bible
Q279,HOW MANY STRIPES ARE ON THE AMERICAN FLAG,"The national flag of the United States of America , often simply referred to as the American flag, consists of thirteen equal horizontal stripes of red (top and bottom) alternating with white, with a blue rectangle in the canton (referred to specifically as the ""union"") bearing fifty small, white, five-pointed stars arranged in nine offset horizontal rows of six stars (top and bottom) alternating with rows of five stars.",Flag of the United States
Q280,HOW MANY STRIPES ARE ON THE AMERICAN FLAG,The 50 stars on the flag represent the 50 states of the United States of America and the 13 stripes represent the thirteen British colonies that declared independence from the Kingdom of Great Britain and became the first states in the Union.,Flag of the United States
Q281,what do biologists do,A biologist is a scientist who studies living organisms and their relationship to their environment.,Biologist
Q282,what does base jumping stand for,"BASE jumping, also sometimes written as B.A.S.E. jumping, is an activity where participants jump from fixed objects and use a parachute to break their fall.",BASE jumping
Q283,what does base jumping stand for,"""BASE"" is an acronym that stands for four categories of fixed objects from which one can jump: buildings , antennas , spans ( bridges ), and earth ( cliffs ).",BASE jumping
Q284,What country is the largest stalagmite,"The largest stalagmite in the world is high and is located in the cave of Cueva Martin Infierno, Cuba.",Stalagmite
Q285,what does Gringo mean,"Gringo (, , ) is a slang Spanish and Portuguese word used in Ibero-America , to denote foreigners, often from the United States .",Gringo
Q286,what does Gringo mean,"The term can be applied to someone who is actually a foreigner, or it can denote a strong association or assimilation into foreign (particularly US) society and culture.",Gringo
Q287,what does hair testing show,"A drug test is a technical analysis of a biological specimen – for example urine, hair, blood, sweat, or oral fluid / saliva – to determine the presence or absence of specified parent drugs or their metabolites .",Drug test
Q288,what does freedom of speech cover,Freedom of speech is the political right to communicate one's opinions and ideas using one's body and property to anyone who is willing to receive them.,Freedom of speech
Q289,what hormones produce thyroid,"The thyroid hormones, triiodothyronine (T3) and thyroxine (T4), are tyrosine -based hormones produced by the thyroid gland that are primarily responsible for regulation of metabolism.",Thyroid hormone
Q290,what does automatic paper feeder on printers mean,"In multifunction or all-in-one printers , fax machines , photocopiers and scanners , an automatic document feeder or ADF is a feature which takes several pages and feeds the paper one page at a time into a scanner or copier, allowing the user to scan , and thereby copy , print , or fax , multiple-page documents without having to manually replace each page.",Automatic Document Feeder
Q291,what county is san jose in?,"San Jose (; Spanish : St. Joseph ) is the third-largest city in California , the tenth-largest in the U.S., and the county seat of Santa Clara County which is located at the southern end of San Francisco Bay .","San Jose, California"
Q292,what cars have smart key systems,"It was first developed by Siemens in the mid-1990s and introduced by Mercedes-Benz under the name ""Keyless Go"" in 1998 on the W220 S-Class following its design patent filed by Daimler-Benz on May 17, 1997.",Smart key
Q293,how old a child pedophile crime,"As a medical diagnosis, pedophilia or paedophilia is a psychiatric disorder in persons 16 years of age or older typically characterized by a primary or exclusive sexual interest toward prepubescent children (generally age 11 years or younger, though specific diagnosis criteria for the disorder extends the cut-off point for prepubescence to age 13).",Pedophilia
Q294,how many people were killed in the holocaust,"Over one million Jewish children were killed in the Holocaust, as were approximately two million Jewish women and three million Jewish men.",The Holocaust
Q295,how did John F. Kennedy die?,"Kennedy was assassinated on November 22, 1963 in Dallas , Texas.",John F. Kennedy
Q296,how many members are in the house of representatives,The total number of voting representatives is fixed by law at 435.,United States House of Representatives
Q297,what can silk be used for,"Silk is a natural protein fibre , some forms of which can be woven into textiles .",Silk
Q298,what channel is letterman on,Late Show with David Letterman is an American late-night talk show hosted by David Letterman on CBS .,Late Show with David Letterman
Q299,what does uncle sam represent to the american people,"Uncle Sam (initials U.S.) is a common national personification of the American government that, according to legend, came into use during the War of 1812 and was supposedly named for Samuel Wilson .",Uncle Sam
Q300,what does karma mean in buddhism,"Karma ( Sanskrit , also karman, Pāli : Kamma) means ""action"" or ""doing""; whatever one does, says, or thinks is a karma.",Karma in Buddhism
Q301,what does karma mean in buddhism,"In Buddhism , the term karma is used specifically for those actions which spring from the intention (Sanskrit: cetanā , Pali: cetana) of an unenlightened being.",Karma in Buddhism
Q302,what does karma mean in buddhism,"As one scholar states, ""the Buddhist theory of action and result (karmaphala) is fundamental to much of Buddhist doctrine, because it provides a coherent model of the functioning of the world and its beings, which in turn forms the doctrinal basis for the Buddhist explanations of the path of liberation from the world and its result, nirvāṇa .""",Karma in Buddhism
Q303,what do cyberstalkers do,"Cyberstalking is the use of the Internet or other electronic means to stalk or harass an individual, a group of individuals, or an organization.",Cyberstalking
Q304,how do insulin syringes work,"The plunger can be pulled and pushed along inside a cylindrical tube (called a barrel), allowing the syringe to take in and expel a liquid or gas through an at the open end of the tube.",Syringe
Q305,what kind a is tilapia,Tilapia ( ) is the common name for nearly a hundred species of cichlid fish from the tilapiine cichlid tribe .,Tilapia
Q306,how did david carradine die,"He died on June 3, 2009, apparently of auto-erotic asphyxiation .",David Carradine
Q307,how many grape farms in united states,"As of the last census of agriculture in 2007, there were 2.2 million farms, covering an area of , an average of per farm.",Agriculture in the United States
Q308,what freezes faster? hot or cold water?,"The Mpemba effect, named after Tanzanian student Erasto Mpemba , is the assertion that warmer water can freeze faster than colder water.",Mpemba effect
Q309,what causes a small bowel obstruction,"Bowel obstruction (or intestinal obstruction) is a mechanical or functional obstruction of the intestines, preventing the normal transit of the products of digestion.",Bowel obstruction
Q310,how many qfc stores are there,"Quality Food Centers (QFC) is a supermarket chain based in Bellevue, Washington , with 64 stores in the Puget Sound region of Washington state and in the Portland, Oregon metropolitan area.",QFC
Q311,what affects the money supply,"There is strong empirical evidence of a direct relation between money-supply growth and long-term price inflation, at least for rapid increases in the amount of money in the economy.",Money supply
Q312,how is today special?,Today's Special is a Canadian children's television show produced by Clive VanderBurgh at TVOntario from 1981 to 1987.,Today's Special
Q313,What Causes Brain Freeze,"It is caused by having something cold touch the roof of the mouth ( palate ), and is believed to result from a nerve response causing rapid constriction and swelling of blood vessels or a "" referring "" of pain from the roof of the mouth to the head.",Ice-cream headache
Q314,what does auld lang syne mean,"The song's Scots title may be translated into English literally as ""old long since"", or more idiomatically, ""long long ago"", ""days gone by"" or ""old times"".",Auld Lang Syne
Q315,what does leeroy jenkins mean,"Leeroy Jenkins, sometimes misspelled Leroy Jenkins and often elongated with numerous additional letters, is an Internet meme named for a player character created by Ben Schulz in Blizzard Entertainment 's MMORPG , World of Warcraft .",Leeroy Jenkins
Q316,how was the president involved in the gulf war,"U.S. President George H. W. Bush deployed U.S. forces into Saudi Arabia , and urged other countries to send their own forces to the scene.",Gulf War
Q317,how many times has a player hit for the cycle,"Cycles are uncommon in Major League Baseball (MLB), and have occurred 294 times since the first by Curry Foley in 1882.",Hitting for the cycle
Q318,how many times has a player hit for the cycle,"The cycle is roughly as common as a no-hitter (279 occurrences in MLB history); it has been called ""one of the rarest"" and ""most difficult feats"" in baseball.",Hitting for the cycle
Q319,how many episodes of Lost were there,"A total of 121 episodes of Lost were produced, the last of which aired on May 23, 2010.",List of Lost episodes
Q320,what does it mean if i'm flat footed?,"Flat feet (also called pes planus or fallen arches) is a formal reference to a medical condition in which the arch of the foot collapses, with the entire sole of the foot coming into complete or near-complete contact with the ground.",Flat feet
Q321,what age group is generation x,"Demographers, historians and commentators use beginning birth dates from the early 1960s to the early 1980s .",Generation X
Q322,how did James Dean die?,His premature death in a car crash cemented his legendary status.,James Dean
Q323,what glows in the dark,"Radioluminescence , production of luminescence in a material by the bombardment of ionizing radiation",Glow-in-the-dark
Q324,what did sparta do around 650 bc,"Around 650 BC, it rose to become the dominant military land-power in ancient Greece.",Sparta
Q325,what fantasy american football means,Fantasy football is an interactive competition in which users compete against each other as general managers of virtual teams.,Fantasy football (American)
Q326,how many muscles in the body,"There are approximately 642 skeletal muscles within the typical human, and almost every muscle constitutes one part of a pair of identical bilateral muscles, found on both sides, resulting in approximately 320 pairs of muscles, as presented in this article.",List of muscles of the human body
Q327,how many muscles in the body,Examples range from 640 to 850.,List of muscles of the human body
Q328,how much does a gold bar weigh,The standard gold bar held as gold reserves by central banks and traded among bullion dealers is the 400-troy-ounce (12.4 kg or 438.9 ounces) Good Delivery gold bar.,Gold bar
Q329,how much does a gold bar weigh,"The kilobar, which is to say 1000 grams in mass, is the bar that is more manageable and is used extensively for trading and investment.",Gold bar
Q330,what county is bolingbrook il in?,Bolingbrook is a large village in Will and DuPage Counties in the U.S. state of Illinois .,"Bolingbrook, Illinois"
Q331,how many kids does archie manning have,"He is the father of current Denver Broncos quarterback Peyton Manning , current New York Giants starting quarterback Eli Manning , and former Ole Miss receiver Cooper Manning .",Archie Manning
Q332,what does an advocacy website promote?,"Advocacy is a political process by an individual or group which aims to influence public-policy and resource allocation decisions within political, economic, and social systems and institutions.",Advocacy
Q333,what does the green mean on the mexican flag,"Red, white, and green are the colors of the national liberation army in Mexico.",Flag of Mexico
Q334,how often do elk have sex,"Males also engage in ritualized mating behaviors during the rut , including posturing, antler wrestling (sparring), and bugling, a loud series of vocalizations which establishes dominance over other males and attracts females.",Elk
Q335,how many amendments in us,The Constitution has been amended seventeen additional times (for a total of twenty-seven amendments).,United States Constitution
Q336,what city is george washington university,"The George Washington University (GW, GWU, or George Washington) is a comprehensive private , coeducational research university located in Washington, D.C. .",George Washington University
Q337,How many Muslims live in the United Kingdom?,"Today it is the second largest religion in the country with results from the United Kingdom Census 2011 suggesting that by 2011 the total Muslim population had reached 2.7 million, 4.8% of the total population.",Islam in the United Kingdom
Q338,How many Muslims live in the United Kingdom?,"The vast majority of Muslims in the United Kingdom live in England and Wales : of 1,591,000 Muslims recorded at the 2001 Census, 1,536,015 were living in England and Wales , where they formed 3% of the population in 2001; 42,557 were living in Scotland , forming 0.84% of the population; and 1,943 were living in Northern Ireland .",Islam in the United Kingdom
Q339,how many players on a side for a football game,"It is played by two teams, eleven players to a side, who advance an oval ball over a rectangular field that is 120 yards long by 53.3 yards wide and has goalposts at both ends.",American football
Q340,what does the temporal lobe part of the brain do,"The temporal lobes are involved in the retention of visual memories , processing sensory input, comprehending language , storing new memories, emotion, and deriving meaning.",Temporal lobe
Q341,how many lungs does a human have,"Humans have two lungs , a right lung and a left lung.",Human lung
Q342,how long to take iwo jima,"The Battle of Iwo Jima (19 February – 26 March 1945), or Operation Detachment, was a major battle in which the United States Armed Forces fought for and captured the island of Iwo Jima from the Japanese Empire .",Battle of Iwo Jima
Q343,What a Margarita contains,"The margarita is a Mexican cocktail consisting of tequila mixed with Cointreau or similar orange -flavoured liqueur and lime or lemon juice , often served with salt on the glass rim.",Margarita
Q344,what color is burgundy,"Burgundy is a dark red color associated with the Burgundy wine of the same name, which in turn is named after the Burgundy region of France .",Burgundy (color)
Q345,what color is burgundy,The color burgundy is similar to other shades of dark red such as maroon .,Burgundy (color)
Q346,what is the population of center tx,"The population was 5,193 at the 2010 census.","Center, Texas"
Q347,what causes photo red eye,"It occurs when using a photographic flash very close to the camera lens (as with most compact cameras ), in ambient low light.",Red-eye effect
Q348,what creates a cloud,"In meteorology , a cloud is a visible mass of liquid droplets or frozen crystals made of water or various chemicals suspended in the atmosphere above the surface of a planetary body.",Cloud
Q349,how many students go to santa barbara,"The campus is the 6th-largest in the UC system by enrollment with 18,977 undergraduate and 2,950 graduate students.","University of California, Santa Barbara"
Q350,what day is the feast of st joseph's?,"Saint Joseph's Day, March 19, the Feast of St. Joseph is in Western Christianity the principal feast day of Saint Joseph , Spouse of the Blessed Virgin Mary .",Saint Joseph's Day
Q351,what culture is mariah carey,"Mariah Carey (born March 27, 1970) is an American singer , songwriter , record producer , actress , and philanthropist .",Mariah Carey
Q352,how was color introduced in film?,The first color cinematography was by means of additive color systems such as the one patented in England by Edward Raymond Turner in 1899 and tested in 1902.,Color motion picture film
Q353,how was color introduced in film?,A simplified additive system was developed by George Albert Smith and successfully commercialized in 1909 as Kinemacolor .,Color motion picture film
Q354,what artist have song with ashanti?,"Ashanti wrote and sang background on Jennifer Lopez 's "" Ain't It Funny (Murder Remix) "", which reached number one on Billboard Hot 100, which was also in the top 10 chart at the same time as ""Foolish"", ""Always on Time"" (with Ja Rule ), and ""What's Luv"" (with Fat Joe ).",Ashanti (entertainer)
Q355,what came first army or air force,"The AAF was a component of the United States Army , which in 1942 was divided functionally by executive order into three autonomous forces: the Army Ground Forces , the Services of Supply (which in 1943 became the Army Service Forces ), and the AAF.",United States Army Air Forces
Q356,what day is 2011 super bowl?,"The game was played on February 6, 2011, at Cowboys Stadium in Arlington, Texas , the first time the Super Bowl was played in the Dallas–Fort Worth area.",Super Bowl XLV
Q357,what does the FOIA apply to,The Freedom of Information Act (FOIA) is a federal freedom of information law that allows for the full or partial disclosure of previously unreleased information and documents controlled by the United States government .,Freedom of Information Act (United States)
Q358,how many countries are member of the eu?,The European Union (EU) is an economic and political union of 27 member states that are located primarily in Europe .,European Union
Q359,how many vehicles are registered in the us,"Overall, there were an estimated 254.4 million registered passenger vehicles in the United States according to a 2007 DOT study.",Passenger vehicles in the United States
Q360,what does a laboratory in a gynecologist office consist of,"A medical laboratory or clinical laboratory is a laboratory where tests are done on clinical specimens in order to get information about the health of a patient as pertaining to the diagnosis, treatment, and prevention of disease.",Medical laboratory
Q361,what cards do you need in poker to get a royal flush,"These hand rankings are also used in some other card games , and in poker dice .",List of poker hands
Q362,what does xylem transport,"Its basic function is to transport water, but it also transports some nutrients through the plant.",Xylem
Q363,how many mvps has kobe bryant won,"He has won the All-Star MVP Award four times ( 2002 , 2007 , 2009 , and 2011 ), tying him for the most All Star MVP Awards in NBA history.",Kobe Bryant
Q364,what do jehovah witnesses believe,"Jehovah's Witnesses' beliefs are based on their interpretations of the Bible and they prefer to use their own translation, the New World Translation of the Holy Scriptures .",Jehovah's Witnesses
Q365,what do jehovah witnesses believe,"They believe that the destruction of the present world system at Armageddon is imminent, and that the establishment of God's kingdom on earth is the only solution for all problems faced by mankind.",Jehovah's Witnesses
Q366,how old old is xp operating system,"Windows XP was released worldwide for retail sale on October 25, 2001, and over 400 million copies were in use in January 2006.",Windows XP
Q367,how many pawns in chess,"In chess, each player begins the game with eight pawns, one on each square of the rank immediately in front of the other pieces.",Pawn (chess)
Q368,what countries allow gays to openly serve in the military,"Nations that permit gay people to serve openly in the military include the 4 of the 5 members of the UN Security Council (United States, United Kingdom, France, and Russia), the Republic of China (Taiwan), Australia , Israel , South Africa , Argentina , and all NATO members excluding Turkey .",Sexual orientation and military service
Q369,How Works Diaphragm Pump,"A diaphragm pump (also known as a Membrane pump, Air Operated Double Diaphragm Pump (AODD) or Pneumatic Diaphragm Pump) is a positive displacement pump that uses a combination of the reciprocating action of a rubber , thermoplastic or teflon diaphragm and suitable valves either side of the diaphragm ( check valve , butterfly valves, flap valves, or any other form of shut-off valves) to pump a fluid .",Diaphragm pump
Q370,how is hydrogen produced,Currently the dominant technology for direct production is steam reforming from hydrocarbons .,Hydrogen production
Q371,how many percent is a basis point,1 basis point = 1 permyriad = one one-hundredth percent,Basis point
Q372,how many percent is a basis point,1 bp = 1 = 0.01% = 0.1‰ = 10−4 = = 0.0001,Basis point
Q373,how many percent is a basis point,"The relationship between percentage changes and basis points can be summarized as follows: 1 percentage point change = 100 basis points, and 0.01 percentage points = 1 basis point.",Basis point
Q374,what genre is bloody beetroots,"The Bloody Beetroots is the pseudonym of Sir Bob Cornelius Rifo, the Italian electro house and dance-punk music producer , DJ and photographer .",The Bloody Beetroots
Q375,what country is madrid spain in,"Madrid (, ) is the capital and largest city of Spain .",Madrid
Q376,What causes rogue waves,"Rogue waves seem not to have a single distinct cause, but occur where physical factors such as high winds and strong currents cause waves to merge to create a single exceptionally large wave.",Rogue wave
Q377,what happened to montgomery clift,"Later, after a disfiguring car crash in 1956, and alcohol and prescription drug abuse, he became erratic.",Montgomery Clift
Q378,how many asian indians live in usa,"Indian Americans are citizens of the United States of Indian ancestry and comprise about 3.18 million people, or ~1.0% of the U.S. population, the country's third largest self-reported Asian ancestral group after Chinese Americans and Filipino Americans according to American Community Survey of 2010 data.",Indian American
Q379,what caused the world war 2,"The main causes of World War II were nationalistic issues, unresolved issues, and resentments resulting from World War I and the interwar period in Europe, in addition to the effects of the Great Depression in the 1930s.",Causes of World War II
Q380,what caused the world war 2,The culmination of events that led to the outbreak of war are generally understood to be the 1939 invasion of Poland by Germany and Soviet Russia and the 1937 invasion of the Republic of China by the Empire of Japan .,Causes of World War II
Q381,what happened to george o'malley on grey's anatomy?,"In 2007, Knight's co-star Isaiah Washington ( Preston Burke ) insulted him with a homophobic slur, which resulted in the termination of Washington's Grey's Anatomy contract.",George O'Malley
Q382,what happened to george o'malley on grey's anatomy?,"In 2009, after the conclusion of the fifth season , it was confirmed that Knight would not be returning for the show's sixth season .",George O'Malley
Q383,what happened to george o'malley on grey's anatomy?,"The actor stated the reason for his departure was due to a ""breakdown in communication"" with Rhimes, his character's lack of screen time, as well as his decision to be openly gay .",George O'Malley
Q384,what happened to george o'malley on grey's anatomy?,"Despite this, his death received mixed feedback.",George O'Malley
Q385,how many people die from myasthenia gravis per year,The disease incidence is 3–30 cases per million per year and rising as a result of increased awareness.,Myasthenia Gravis
Q386,how many rooms in borgata hotel,"The $1.1 billion casino hotel features 2,002 rooms and is the largest hotel in New Jersey .",The Borgata
Q387,what country has the most muslims in the world,"The largest Muslim country is Indonesia , home to 12.7% of the world's Muslims, followed by Pakistan (11.0%), India (10.9%), and Bangladesh (9.2%).",Islam by country
Q388,what country is dubai in,"Dubai ( ; ', ) is a city in the United Arab Emirates , located within the emirate of the same name.",Dubai
Q389,how much of earth is covered ocean water,"Approximately 72% of the planet's surface (~3.6x108 km2) is covered by saline water that is customarily divided into several principal oceans and smaller seas, with the ocean covering approximately 71% of the Earth's surface.",Ocean
Q390,how is root beer made?,"Root beer is a carbonated , sweetened beverage , originally made using the root of a sassafras plant (or the bark of a sassafras tree) as the primary flavor.",Root beer
Q391,how much did yankee stadium cost,"Also controversial was the price tag of $1.5 billion, which makes it not only the most expensive baseball stadium ever built, but the second-most expensive stadium of any kind (after MetLife Stadium in East Rutherford, New Jersey ).",Yankee Stadium
Q392,what does informal logic mean,"Informal logic, intuitively, refers to the principles of logic and logical thought outside of a formal setting.",Informal logic
Q393,what country is turkey in,"Turkey (), officially the Republic of Turkey , is a transcontinental country , located mostly on Anatolia in Western Asia and on East Thrace in Southeastern Europe .",Turkey
Q394,what country is turkey in,"Turkey is bordered by eight countries: Bulgaria to the northwest; Greece to the west; Georgia to the northeast; Armenia , Iran and the Azerbaijani exclave of Nakhchivan to the east; and Iraq and Syria to the southeast.",Turkey
Q395,"what county is Augusta,GA located in?","Augusta is the principal city of the Augusta – Richmond County Metropolitan Statistical Area , which as of 2010 had an estimated population of 556,877, making it both the second-largest city and the second-largest metro area in the state after Atlanta .","Augusta, Georgia"
Q396,"What happened to ""The Glades"" tv series",The show has been renewed for a fourth season.,The Glades (TV series)
Q397,how many albums has eminem sold in his career,"He has sold more than 100 million records worldwide, including 42 million tracks and 49.1 million albums in the United States.",Eminem
Q398,what do pigs eat,Pigs are omnivores and are highly social and intelligent animals.,Pig
Q399,what does a cutter do,"In baseball , a cutter, or cut fastball, is a type of fastball which breaks slightly toward the pitcher 's glove side as it reaches home plate .",Cutter (baseball)
Q400,what it takes aerosmith album,"""What It Takes"" is a power ballad by American hard rock band Aerosmith .",What It Takes (song)
Q401,what it takes aerosmith album,It was released in 1990 as the third single from Aerosmith's critically and commercially successful 1989 album Pump .,What It Takes (song)
Q402,what county is erie colorado,Erie is a Statutory Town in Boulder and Weld counties in the U.S. state of Colorado .,"Erie, Colorado"
Q403,What happened during the Starving Time in Jamestown?,Lack of access to water and a relatively dry rain season crippled the agricultural production of the colonists.,Starving Time
Q404,What happened during the Starving Time in Jamestown?,"A fleet from England, damaged by a hurricane, arrived months behind schedule with new colonists, but without expected food supplies.",Starving Time
Q405,What happened during the Starving Time in Jamestown?,There is scientific evidence that the settlers at Jamestown had turned to cannibalism during the starving time.,Starving Time
Q406,what classes are considered humanities,"The humanities are academic disciplines that study human culture, using methods that are primarily analytical , critical , or speculative , and having a significant historical element, as distinguished from the mainly empirical approaches of the natural sciences .",Humanities
Q407,what classes are considered humanities,"The humanities include ancient and modern languages , literature , philosophy , religion , and visual and performing arts such as music and theatre .",Humanities
Q408,what classes are considered humanities,"The humanities that are also regarded as social sciences include history , anthropology , area studies , communication studies , cultural studies , law , economics and linguistics .",Humanities
Q409,what classes are considered humanities,"Human disciplines like history , cultural anthropology and psychoanalysis study subject matters to which the experimental method does not apply, and they have access instead to the comparative method and comparative research .",Humanities
Q410,what does the president of the usa do,The President of the United States of America (POTUS) is the head of state and head of government of the United States .,President of the United States
Q411,what does the president of the usa do,The president leads the executive branch of the federal government and is the commander-in-chief of the United States Armed Forces .,President of the United States
Q412,what does the president of the usa do,"The president is further empowered to grant federal pardons and reprieves , and to convene and adjourn either or both houses of Congress under extraordinary circumstances.",President of the United States
Q413,what food is in afghan,"Afghan cuisine is largely based upon the nation's chief crops; cereals like wheat , maize , barley and rice .",Afghan cuisine
Q414,what food is in afghan,"Accompanying these staples are dairy products ( yogurt and whey ), various nuts , and native vegetables, as well as fresh and dried fruits; Afghanistan is well known for its grapes .",Afghan cuisine
Q415,how kimberlite pipes form,Volcanic pipes are relatively rare.,Volcanic pipe
Q416,how many seasons of grey's anatomy are there,"On May 11, 2012, the series was renewed for a ninth season, which premiered on September 27, 2012.",Grey's Anatomy
Q417,how is schizophrenia diagnosed?,Diagnosis is based on observed behavior and the patient's reported experiences.,Schizophrenia
Q418,what kind of cut is tri tip,The tri-tip is a cut of beef from the bottom sirloin primal cut .,Tri-tip
Q419,what kind of cut is tri tip,"It is a small triangular muscle , usually 1.5 to 2.5 lbs. (675 to 1,150g) per side of beef.",Tri-tip
Q420,what county is willmar mn in?,"Willmar is a city in, and the county seat of, Kandiyohi County , Minnesota , United States .","Willmar, Minnesota"
Q421,what kind of company is Microsoft?,"Microsoft Corporation is an American multinational software corporation headquartered in Redmond , Washington that develops, manufactures, licenses, and supports a wide range of products and services related to computing .",Microsoft
Q422,how does weather happen,Weather is driven by air pressure (temperature and moisture) differences between one place and another.,Weather
Q423,how many countries have english as an official language,"In 2012, there were 88 states in total (60 sovereign states and 28 non-sovereign states).",List of countries where English is an official language
Q424,what countries are in cono sur,"Although geographically this includes Southern and part of Southeast ( São Paulo ) of Brazil , in terms of political geography the Southern cone has traditionally comprised Argentina , Chile , Paraguay , and Uruguay .",Southern Cone
Q425,what countries are in cono sur,"In the narrowest sense, it only covers Argentina , Chile and Uruguay , bounded on the north by the states of Brazil, Paraguay, Bolivia and Peru, on the west by the Pacific Ocean, and south to the junction between the Pacific and Atlantic Oceans, which it is the closest continental area of Antarctica (1000 km).",Southern Cone
Q426,how many innings makes an official game,"Since most professional baseball games are nine innings long, the fifth inning is used as the threshold for an official game.",Official game
Q427,what branch of the military is delta force,It was formerly listed as the Combat Applications Group by the Department of Defense but has since been officially re-designated the Army Compartmented Elements (ACE).,Delta Force
Q428,what causes the seasons,Seasons result from the yearly revolution of the Earth around the Sun and the tilt of the Earth's axis relative to the plane of revolution.,Season
Q429,what does 3g network mean,"3G, short for third Generation, is the third generation of mobile telecommunications technology.",3G
Q430,what does Mazel tov! mean,"""good luck"") is a phrase used to express congratulations for a happy and significant occasion or event.",Mazel tov
Q431,How Do You Get Hepatitis C,"HCV is spread primarily by blood-to-blood contact associated with intravenous drug use , poorly sterilized medical equipment and transfusions .",Hepatitis C
Q432,how does flexible spending account work,"An FSA allows an employee to set aside a portion of earnings to pay for qualified expenses as established in the cafeteria plan, most commonly for medical expenses but often for dependent care or other expenses.",Flexible spending account
Q433,how tennessee became a state,"Tennessee was the last state to leave the Union and join the Confederacy at the outbreak of the U.S. Civil War in 1861, and the first state to be readmitted to the Union at the end of the war.",Tennessee
Q434,how many baseball teams usa,It is composed of 30 teams — 29 in the United States and one in Canada.,Major league baseball
Q435,what county is coatesville indiana located in,"Coatesville is a town in Clay Township , Hendricks County , Indiana , United States .","Coatesville, Indiana"
Q436,how does Delaware support its claim to being the first state?,"Delaware was one of the 13 colonies participating in the American Revolution and on December 7, 1787, became the first state to ratify the Constitution of the United States , thereby becoming known as The First State.",Delaware
